create table class_master (ClassID serial primary key, ClassName varchar not null);
create table class_session(SessionID serial primary key,ClassID serial,SessionName varchar(255) not null);
create table subject_master(SubjectID serial primary key, SubjectName varchar(255), MaxMarks numeric);
create table subject_class_link(ClassID serial, SubjectID serial);
create table teacher_master(TeacherID serial primary key, TeacherName varchar(255));
create table subject_teacher_link(SubjectID serial primary key, TeacherID serial);
create table state_master(StateID serial primary key, StateName varchar(255));
create table city_master(CityID serial primary key, CityName varchar(255), StateID numeric);
create table student_master(EnrollmentNumber numeric primary key,Name varchar(255),Address varchar(255),CityID serial,MobileNumber varchar(10),EmailID varchar(255),FatherName varchar(255));
create table student_class_link(EnrollmentNumber numeric,ClassID serial,Year numeric);
create table student_marks(EnrollmentNumber numeric,ClassID serial,SubjectID serial,Marks numeric);
Insert into class_master (ClassID, ClassName) values (1,'8th'),(2,'9th'),(3,'10th');
Insert into class_session values (1,1,'A'),(2,1,'B'),(3,1,'C'),(4,2,'A'),(5,2,'B'),(6,3,'A'),(7,3,'B'),(8,3,'C'),(9,3,'D');
Insert into subject_master values (1,'Math',100),(2,'Hindi',100),(3,'English',100),(4,'History',100);
Insert into subject_class_link values (1,1), (1,3), (1,4), (2,1),(2,2),(2,3),(3,1),(3,2),(3,3),(3,4);
Insert into teacher_master values (1,'T1'),(2,'T2'),(3,'T3'),(4,'T4');
Insert into subject_teacher_link values (1,1),(2,2),(3,3),(4,4);
Insert into state_master values (1,'Rajathan'), (2,'Gujrat'), (3,'Punjab');
Insert into city_master values (1,'Jaipur',1), (2,'Jodhpur',1), (3,'Surat',2) , (4,'Amritsar',3);
Insert into student_master values (1001,'Raj','xyz',1,9982121113,'ravi@test.com','Amar'),(1002,'Taj','abc',2,9982121114,'Tavi@test.com','ASD'),(1003,'Aaj','def',3,9982121115,'Aavi@test.com','FGH'),(1004,'Baj','hij',4,9982121116,'Bavi@test.com','JKL');
Insert into student_class_link values (1001,2,2019), (1001,3,2020), (1002,2,2020);
Insert into student_marks values (1001,2,1,90),(1001,2,2,75),(1001,2,3,80),(1001,3,1,32),(1001,3,2,50),(1001,3,3,60),(21001,3,4,80),(1002,2,1,42),(1002,2,2,80),(1002,2,3,99);
select * from class_session;
select * from class_master;
select * from subject_master;
select * from subject_class_link;
select * from teacher_master;
select * from subject_teacher_link;
select * from state_master;
select * from city_master;
select * from student_master;
select * from student_class_link;
select * from student_marks;
